CREATE DATABASE  IF NOT EXISTS `bancabd` /*!40100 DEFAULT CHARACTER SET utf8mb4 COLLATE utf8mb4_0900_ai_ci */ /*!80016 DEFAULT ENCRYPTION='N' */;
USE `bancabd`;
-- MySQL dump 10.13  Distrib 8.0.29, for Win64 (x86_64)
--
-- Host: 127.0.0.1    Database: bancabd
-- ------------------------------------------------------
-- Server version	8.0.29

/*!40101 SET @OLD_CHARACTER_SET_CLIENT=@@CHARACTER_SET_CLIENT */;
/*!40101 SET @OLD_CHARACTER_SET_RESULTS=@@CHARACTER_SET_RESULTS */;
/*!40101 SET @OLD_COLLATION_CONNECTION=@@COLLATION_CONNECTION */;
/*!50503 SET NAMES utf8 */;
/*!40103 SET @OLD_TIME_ZONE=@@TIME_ZONE */;
/*!40103 SET TIME_ZONE='+00:00' */;
/*!40014 SET @OLD_UNIQUE_CHECKS=@@UNIQUE_CHECKS, UNIQUE_CHECKS=0 */;
/*!40014 SET @OLD_FOREIGN_KEY_CHECKS=@@FOREIGN_KEY_CHECKS, FOREIGN_KEY_CHECKS=0 */;
/*!40101 SET @OLD_SQL_MODE=@@SQL_MODE, SQL_MODE='NO_AUTO_VALUE_ON_ZERO' */;
/*!40111 SET @OLD_SQL_NOTES=@@SQL_NOTES, SQL_NOTES=0 */;

--
-- Table structure for table `clientes`
--

DROP TABLE IF EXISTS `clientes`;
/*!40101 SET @saved_cs_client     = @@character_set_client */;
/*!50503 SET character_set_client = utf8mb4 */;
CREATE TABLE `clientes` (
  `dni` int unsigned NOT NULL,
  `nombre` varchar(45) NOT NULL,
  `direccion` varchar(45) NOT NULL,
  `telefono` int unsigned NOT NULL,
  PRIMARY KEY (`dni`)
) ENGINE=InnoDB DEFAULT CHARSET=latin1;
/*!40101 SET character_set_client = @saved_cs_client */;

--
-- Dumping data for table `clientes`
--

LOCK TABLES `clientes` WRITE;
/*!40000 ALTER TABLE `clientes` DISABLE KEYS */;
INSERT INTO `clientes` VALUES (1111,'Pepito','c/marte',1111),(2222,'Alicia','c/ jupiter',2222),(3333,'Marta','c/venus',3333),(7777,'aaaaa','bbbb',1111),(9898,'aaaaa','aaaa',1111),(11117777,'aaaaa','bbbb',1111);
/*!40000 ALTER TABLE `clientes` ENABLE KEYS */;
UNLOCK TABLES;

--
-- Table structure for table `cuentas`
--

DROP TABLE IF EXISTS `cuentas`;
/*!40101 SET @saved_cs_client     = @@character_set_client */;
/*!50503 SET character_set_client = utf8mb4 */;
CREATE TABLE `cuentas` (
  `numeroCuenta` int unsigned NOT NULL,
  `saldo` double NOT NULL,
  `tipocuenta` varchar(45) NOT NULL,
  PRIMARY KEY (`numeroCuenta`)
) ENGINE=InnoDB DEFAULT CHARSET=latin1;
/*!40101 SET character_set_client = @saved_cs_client */;

--
-- Dumping data for table `cuentas`
--

LOCK TABLES `cuentas` WRITE;
/*!40000 ALTER TABLE `cuentas` DISABLE KEYS */;
INSERT INTO `cuentas` VALUES (1000,42967,'ahorro'),(1234,570,'prueba2'),(2000,10400,'ahorro'),(3000,670,'recibos'),(4000,880,'ahorro'),(5000,6700,'recibos');
/*!40000 ALTER TABLE `cuentas` ENABLE KEYS */;
UNLOCK TABLES;

--
-- Table structure for table `movimientos`
--

DROP TABLE IF EXISTS `movimientos`;
/*!40101 SET @saved_cs_client     = @@character_set_client */;
/*!50503 SET character_set_client = utf8mb4 */;
CREATE TABLE `movimientos` (
  `idMovimiento` int unsigned NOT NULL AUTO_INCREMENT,
  `idCuenta` int unsigned NOT NULL,
  `fecha` datetime DEFAULT NULL,
  `cantidad` double NOT NULL,
  `operacion` varchar(45) NOT NULL,
  PRIMARY KEY (`idMovimiento`)
) ENGINE=InnoDB AUTO_INCREMENT=72 DEFAULT CHARSET=latin1;
/*!40101 SET character_set_client = @saved_cs_client */;

--
-- Dumping data for table `movimientos`
--

LOCK TABLES `movimientos` WRITE;
/*!40000 ALTER TABLE `movimientos` DISABLE KEYS */;
INSERT INTO `movimientos` VALUES (25,1000,'2019-03-31 11:41:08',200,'extracción'),(26,1000,'2019-03-31 12:44:17',500,'ingreso'),(27,2000,'2019-03-31 12:44:57',300,'extracción'),(28,1000,'2019-03-31 12:44:57',300,'ingreso'),(29,2000,'2019-03-31 12:45:10',2000,'ingreso'),(30,1000,'2019-03-31 18:56:59',35,'ingreso'),(31,1000,'2019-03-31 19:06:41',200,'extracción'),(32,1000,'2019-03-31 19:07:01',1000,'ingreso'),(33,1000,'2019-03-31 19:08:17',500,'extracción'),(34,1000,'2019-03-31 19:13:46',5,'ingreso'),(35,1000,'2019-04-04 22:28:56',23,'ingreso'),(36,1000,'2019-04-04 22:29:06',34,'extracción'),(37,1000,'2019-04-04 22:30:43',11,'extracción'),(38,1000,'2019-04-04 22:31:39',11,'extracción'),(39,1000,'2019-06-26 20:17:31',300,'extracción'),(40,1000,'2019-06-27 15:58:59',50000,'extracción'),(41,2000,'2019-06-27 15:58:59',50000,'ingreso'),(42,1000,'2019-06-27 16:02:56',3000,'extracción'),(43,2000,'2019-06-27 16:02:56',3000,'ingreso'),(44,1000,'2019-06-27 16:05:05',2000,'extracción'),(45,2000,'2019-06-27 16:05:05',2000,'ingreso'),(46,1000,'2019-06-27 16:08:29',2000,'extracción'),(47,2000,'2019-06-27 16:08:29',2000,'ingreso'),(48,1000,'2019-06-27 16:37:48',1111,'extracción'),(49,1000,'2019-10-25 12:15:16',456,'ingreso'),(50,1000,'2019-12-17 10:17:03',2000,'ingreso'),(51,1000,'2019-12-20 11:30:02',20000,'extracción'),(52,1000,'2019-12-20 11:30:14',1000,'ingreso'),(53,1000,'2020-08-20 13:11:16',400,'extracción'),(54,1000,'2020-09-06 00:00:00',3000,'ingreso'),(55,1000,'2020-09-07 00:00:00',1500,'extracción'),(56,1000,'2020-09-09 07:26:16',4000,'ingreso'),(57,1000,'2020-11-30 11:57:11',10000,'ingreso'),(58,2000,'2020-11-30 11:57:53',5000,'ingreso'),(59,1000,'2020-11-30 11:57:53',5000,'extracción'),(60,1000,'2021-04-08 13:44:51',4000,'Extracción'),(61,1000,'2021-12-09 00:00:00',4000,'ingreso'),(62,1000,'2021-12-09 00:00:00',200,'extracción'),(63,1234,'2021-12-09 00:00:00',500,'ingreso'),(64,1000,'2021-12-09 00:00:00',500,'extracción'),(65,2000,'2022-03-22 10:10:50',500,'ingreso'),(66,2000,'2022-03-22 10:11:25',4000,'extracción'),(67,2000,'2022-03-22 10:15:13',600,'extracción'),(68,1000,'2022-03-22 10:15:13',600,'ingreso'),(69,2000,'2022-03-22 10:23:17',3000,'ingreso'),(70,1000,'2022-10-21 09:33:46',1400,'ingreso'),(71,2000,'2022-10-24 11:58:07',2500,'extracción');
/*!40000 ALTER TABLE `movimientos` ENABLE KEYS */;
UNLOCK TABLES;

--
-- Table structure for table `titulares`
--

DROP TABLE IF EXISTS `titulares`;
/*!40101 SET @saved_cs_client     = @@character_set_client */;
/*!50503 SET character_set_client = utf8mb4 */;
CREATE TABLE `titulares` (
  `idCuenta` int unsigned NOT NULL,
  `idCliente` int unsigned NOT NULL,
  PRIMARY KEY (`idCuenta`,`idCliente`)
) ENGINE=InnoDB DEFAULT CHARSET=latin1;
/*!40101 SET character_set_client = @saved_cs_client */;

--
-- Dumping data for table `titulares`
--

LOCK TABLES `titulares` WRITE;
/*!40000 ALTER TABLE `titulares` DISABLE KEYS */;
INSERT INTO `titulares` VALUES (1000,1111),(1000,3333),(1000,7777),(1000,11117777),(1234,1111),(1234,3333),(2000,3333),(3000,2222),(4000,1111),(4000,2222),(5000,2222),(5000,9898);
/*!40000 ALTER TABLE `titulares` ENABLE KEYS */;
UNLOCK TABLES;
/*!40103 SET TIME_ZONE=@OLD_TIME_ZONE */;

/*!40101 SET SQL_MODE=@OLD_SQL_MODE */;
/*!40014 SET FOREIGN_KEY_CHECKS=@OLD_FOREIGN_KEY_CHECKS */;
/*!40014 SET UNIQUE_CHECKS=@OLD_UNIQUE_CHECKS */;
/*!40101 SET CHARACTER_SET_CLIENT=@OLD_CHARACTER_SET_CLIENT */;
/*!40101 SET CHARACTER_SET_RESULTS=@OLD_CHARACTER_SET_RESULTS */;
/*!40101 SET COLLATION_CONNECTION=@OLD_COLLATION_CONNECTION */;
/*!40111 SET SQL_NOTES=@OLD_SQL_NOTES */;

-- Dump completed on 2024-05-07 12:51:51
